,Restaurant,Type,Yelp,Notes
0,Sarabeth's,Brunch,https://www.yelp.com/biz/sarabeths-new-york-5?adjust_creative=piqd968yUGHQDL1ei6gj2w&utm_campaign=yelp_api_v3&utm_medium=api_v3_business_search&utm_source=piqd968yUGHQDL1ei6gj2w,
1,Chalk Point Kitchen,Brunch,https://www.yelp.com/biz/chalk-point-kitchen-new-york?adjust_creative=piqd968yUGHQDL1ei6gj2w&utm_campaign=yelp_api_v3&utm_medium=api_v3_business_search&utm_source=piqd968yUGHQDL1ei6gj2w,
2,Root & Bone,Brunch,https://www.yelp.com/biz/root-and-bone-new-york?adjust_creative=piqd968yUGHQDL1ei6gj2w&utm_campaign=yelp_api_v3&utm_medium=api_v3_business_search&utm_source=piqd968yUGHQDL1ei6gj2w,
3,Cafe Gitane,Brunch,https://www.yelp.com/biz/caf%C3%A9-gitane-new-york-3?adjust_creative=piqd968yUGHQDL1ei6gj2w&utm_campaign=yelp_api_v3&utm_medium=api_v3_business_search&utm_source=piqd968yUGHQDL1ei6gj2w,
4,Balaboosta,Brunch,https://www.yelp.com/biz/balaboosta-new-york?adjust_creative=piqd968yUGHQDL1ei6gj2w&utm_campaign=yelp_api_v3&utm_medium=api_v3_business_search&utm_source=piqd968yUGHQDL1ei6gj2w,
5,Petit Abeille,Brunch,https://www.yelp.com/biz/petite-abeille-new-york-3?adjust_creative=piqd968yUGHQDL1ei6gj2w&utm_campaign=yelp_api_v3&utm_medium=api_v3_business_search&utm_source=piqd968yUGHQDL1ei6gj2w,
6,Clinton St. Baking Company,Brunch,https://www.yelp.com/biz/clinton-street-baking-company-new-york-5?adjust_creative=piqd968yUGHQDL1ei6gj2w&utm_campaign=yelp_api_v3&utm_medium=api_v3_business_search&utm_source=piqd968yUGHQDL1ei6gj2w,
7,Dimes ,Brunch,https://www.yelp.com/biz/dimes-new-york-3?adjust_creative=piqd968yUGHQDL1ei6gj2w&utm_campaign=yelp_api_v3&utm_medium=api_v3_business_search&utm_source=piqd968yUGHQDL1ei6gj2w,
8,OatMeals,Brunch,https://www.yelp.com/biz/oatmeals-new-york-3?adjust_creative=piqd968yUGHQDL1ei6gj2w&utm_campaign=yelp_api_v3&utm_medium=api_v3_business_search&utm_source=piqd968yUGHQDL1ei6gj2w,
9,Cookshop ,Brunch,https://www.yelp.com/biz/cookshop-new-york?adjust_creative=piqd968yUGHQDL1ei6gj2w&utm_campaign=yelp_api_v3&utm_medium=api_v3_business_search&utm_source=piqd968yUGHQDL1ei6gj2w,
10,Tartine,Brunch,https://www.yelp.com/biz/tartine-new-york?adjust_creative=piqd968yUGHQDL1ei6gj2w&utm_campaign=yelp_api_v3&utm_medium=api_v3_business_search&utm_source=piqd968yUGHQDL1ei6gj2w,
11,Cafe Orlin,Brunch,https://www.yelp.com/biz/caf%C3%A9-orlin-new-york-2?adjust_creative=piqd968yUGHQDL1ei6gj2w&utm_campaign=yelp_api_v3&utm_medium=api_v3_business_search&utm_source=piqd968yUGHQDL1ei6gj2w,
12,Il Salumaio,Brunch,https://www.yelp.com/biz/san-matteo-takeaway-new-york?adjust_creative=piqd968yUGHQDL1ei6gj2w&utm_campaign=yelp_api_v3&utm_medium=api_v3_business_search&utm_source=piqd968yUGHQDL1ei6gj2w,
13,Zampa,Brunch,nan,
14,Elephant & Castle,Brunch,https://www.yelp.com/biz/elephant-and-castle-new-york?adjust_creative=piqd968yUGHQDL1ei6gj2w&utm_campaign=yelp_api_v3&utm_medium=api_v3_business_search&utm_source=piqd968yUGHQDL1ei6gj2w,
15,Prune ,Brunch,https://www.yelp.com/biz/prune-new-york?adjust_creative=piqd968yUGHQDL1ei6gj2w&utm_campaign=yelp_api_v3&utm_medium=api_v3_business_search&utm_source=piqd968yUGHQDL1ei6gj2w,
16,Loi Estiatorio,Brunch,https://www.yelp.com/biz/loi-estiatorio-new-york?adjust_creative=piqd968yUGHQDL1ei6gj2w&utm_campaign=yelp_api_v3&utm_medium=api_v3_business_search&utm_source=piqd968yUGHQDL1ei6gj2w,
17,Ringolevio (Brooklyn),Brunch,https://www.yelp.com/biz/ringolevio-brooklyn?adjust_creative=piqd968yUGHQDL1ei6gj2w&utm_campaign=yelp_api_v3&utm_medium=api_v3_business_search&utm_source=piqd968yUGHQDL1ei6gj2w,
18,Egg Shop,Brunch,https://www.yelp.com/biz/egg-shop-new-york-3?adjust_creative=piqd968yUGHQDL1ei6gj2w&utm_campaign=yelp_api_v3&utm_medium=api_v3_business_search&utm_source=piqd968yUGHQDL1ei6gj2w,
19,Bluestone Lane,Brunch,https://www.yelp.com/biz/bluestone-lane-brooklyn?adjust_creative=piqd968yUGHQDL1ei6gj2w&utm_campaign=yelp_api_v3&utm_medium=api_v3_business_search&utm_source=piqd968yUGHQDL1ei6gj2w,
20,El Rey Coffeebar & Luncheonette,Brunch,nan,
21,Jack’s Wife Freda,Brunch,https://www.yelp.com/biz/jacks-wife-freda-new-york?adjust_creative=piqd968yUGHQDL1ei6gj2w&utm_campaign=yelp_api_v3&utm_medium=api_v3_business_search&utm_source=piqd968yUGHQDL1ei6gj2w,
22,Maharlika,Brunch,https://www.yelp.com/biz/maharlika-new-york?adjust_creative=piqd968yUGHQDL1ei6gj2w&utm_campaign=yelp_api_v3&utm_medium=api_v3_business_search&utm_source=piqd968yUGHQDL1ei6gj2w,
23,,,https://www.yelp.com/biz/nan-xiang-xiao-long-bao-flushing?adjust_creative=piqd968yUGHQDL1ei6gj2w&utm_campaign=yelp_api_v3&utm_medium=api_v3_business_search&utm_source=piqd968yUGHQDL1ei6gj2w,
24,PIZZA,,https://www.yelp.com/biz/julianas-pizza-brooklyn-5?adjust_creative=piqd968yUGHQDL1ei6gj2w&utm_campaign=yelp_api_v3&utm_medium=api_v3_business_search&utm_source=piqd968yUGHQDL1ei6gj2w,
25,Motorino,Pizza,https://www.yelp.com/biz/motorino-new-york-4?adjust_creative=piqd968yUGHQDL1ei6gj2w&utm_campaign=yelp_api_v3&utm_medium=api_v3_business_search&utm_source=piqd968yUGHQDL1ei6gj2w,
26,Rubirosa,Pizza,https://www.yelp.com/biz/rubirosa-new-york-2?adjust_creative=piqd968yUGHQDL1ei6gj2w&utm_campaign=yelp_api_v3&utm_medium=api_v3_business_search&utm_source=piqd968yUGHQDL1ei6gj2w,
27,Joe’s,Pizza,https://www.yelp.com/biz/joes-shanghai-new-york-2?adjust_creative=piqd968yUGHQDL1ei6gj2w&utm_campaign=yelp_api_v3&utm_medium=api_v3_business_search&utm_source=piqd968yUGHQDL1ei6gj2w,
28,Keste Pizza e Vino,Pizza,https://www.yelp.com/biz/kest%C3%A9-pizza-and-vino-new-york-2?adjust_creative=piqd968yUGHQDL1ei6gj2w&utm_campaign=yelp_api_v3&utm_medium=api_v3_business_search&utm_source=piqd968yUGHQDL1ei6gj2w,
29,Emily,Pizza,https://www.yelp.com/biz/emily-brooklyn?adjust_creative=piqd968yUGHQDL1ei6gj2w&utm_campaign=yelp_api_v3&utm_medium=api_v3_business_search&utm_source=piqd968yUGHQDL1ei6gj2w,
30,Prince St. Pizza,Pizza,https://www.yelp.com/biz/prince-street-pizza-new-york-2?adjust_creative=piqd968yUGHQDL1ei6gj2w&utm_campaign=yelp_api_v3&utm_medium=api_v3_business_search&utm_source=piqd968yUGHQDL1ei6gj2w,
31,Spumoni Gardens,Pizza,https://www.yelp.com/biz/l-and-b-spumoni-gardens-brooklyn?adjust_creative=piqd968yUGHQDL1ei6gj2w&utm_campaign=yelp_api_v3&utm_medium=api_v3_business_search&utm_source=piqd968yUGHQDL1ei6gj2w,
32,,,https://www.yelp.com/biz/nan-xiang-xiao-long-bao-flushing?adjust_creative=piqd968yUGHQDL1ei6gj2w&utm_campaign=yelp_api_v3&utm_medium=api_v3_business_search&utm_source=piqd968yUGHQDL1ei6gj2w,
33,Frozen Treats,,https://www.yelp.com/biz/frozen-sweet-new-york?adjust_creative=piqd968yUGHQDL1ei6gj2w&utm_campaign=yelp_api_v3&utm_medium=api_v3_business_search&utm_source=piqd968yUGHQDL1ei6gj2w,
34,Momofuku Milk Bar,Frozen Treats,https://www.yelp.com/biz/milk-bar-east-village-new-york?adjust_creative=piqd968yUGHQDL1ei6gj2w&utm_campaign=yelp_api_v3&utm_medium=api_v3_business_search&utm_source=piqd968yUGHQDL1ei6gj2w,
35,Morgenstern’s Finest Ice Cream,Frozen Treats,https://www.yelp.com/biz/morgensterns-finest-ice-cream-new-york-2?adjust_creative=piqd968yUGHQDL1ei6gj2w&utm_campaign=yelp_api_v3&utm_medium=api_v3_business_search&utm_source=piqd968yUGHQDL1ei6gj2w,
36,Gotham West Market ,Frozen Treats,https://www.yelp.com/biz/gotham-west-market-new-york?adjust_creative=piqd968yUGHQDL1ei6gj2w&utm_campaign=yelp_api_v3&utm_medium=api_v3_business_search&utm_source=piqd968yUGHQDL1ei6gj2w,
37,Dominique Ansel Kitchen,Frozen Treats,https://www.yelp.com/biz/dominique-ansel-kitchen-new-york?adjust_creative=piqd968yUGHQDL1ei6gj2w&utm_campaign=yelp_api_v3&utm_medium=api_v3_business_search&utm_source=piqd968yUGHQDL1ei6gj2w,
38,Melt Bakery,Frozen Treats,https://www.yelp.com/biz/melt-bakery-new-york-2?adjust_creative=piqd968yUGHQDL1ei6gj2w&utm_campaign=yelp_api_v3&utm_medium=api_v3_business_search&utm_source=piqd968yUGHQDL1ei6gj2w,
39,Chinatown Ice Cream Factory,Frozen Treats,https://www.yelp.com/biz/chinatown-ice-cream-factory-new-york?adjust_creative=piqd968yUGHQDL1ei6gj2w&utm_campaign=yelp_api_v3&utm_medium=api_v3_business_search&utm_source=piqd968yUGHQDL1ei6gj2w,
40,Chloe’s Soft Serve,Frozen Treats,https://www.yelp.com/biz/chloes-soft-serve-fruit-co-new-york-4?adjust_creative=piqd968yUGHQDL1ei6gj2w&utm_campaign=yelp_api_v3&utm_medium=api_v3_business_search&utm_source=piqd968yUGHQDL1ei6gj2w,
41,Ample Hills Creamery,Frozen Treats,https://www.yelp.com/biz/ample-hills-creamery-new-york-2?adjust_creative=piqd968yUGHQDL1ei6gj2w&utm_campaign=yelp_api_v3&utm_medium=api_v3_business_search&utm_source=piqd968yUGHQDL1ei6gj2w,
42,Oddfellows Ice Cream,Frozen Treats,https://www.yelp.com/biz/oddfellows-ice-cream-co-new-york-8?adjust_creative=piqd968yUGHQDL1ei6gj2w&utm_campaign=yelp_api_v3&utm_medium=api_v3_business_search&utm_source=piqd968yUGHQDL1ei6gj2w,
43,Sundaes & Cones,Frozen Treats,https://www.yelp.com/biz/sundaes-and-cones-new-york?adjust_creative=piqd968yUGHQDL1ei6gj2w&utm_campaign=yelp_api_v3&utm_medium=api_v3_business_search&utm_source=piqd968yUGHQDL1ei6gj2w,
44,Snowdays Shavery,Frozen Treats,https://www.yelp.com/biz/snowdays-new-york?adjust_creative=piqd968yUGHQDL1ei6gj2w&utm_campaign=yelp_api_v3&utm_medium=api_v3_business_search&utm_source=piqd968yUGHQDL1ei6gj2w,
45,Dolce Gelateria,Frozen Treats,https://www.yelp.com/biz/dolce-brooklyn-brooklyn-2?adjust_creative=piqd968yUGHQDL1ei6gj2w&utm_campaign=yelp_api_v3&utm_medium=api_v3_business_search&utm_source=piqd968yUGHQDL1ei6gj2w,
46,Milk & Cookies Bakery,Frozen Treats,https://www.yelp.com/biz/milk-and-cookies-new-york-2?adjust_creative=piqd968yUGHQDL1ei6gj2w&utm_campaign=yelp_api_v3&utm_medium=api_v3_business_search&utm_source=piqd968yUGHQDL1ei6gj2w,
47,L’Arte del Gelato,Frozen Treats,https://www.yelp.com/biz/l-arte-del-gelato-new-york?adjust_creative=piqd968yUGHQDL1ei6gj2w&utm_campaign=yelp_api_v3&utm_medium=api_v3_business_search&utm_source=piqd968yUGHQDL1ei6gj2w,
48,Grom,Frozen Treats,https://www.yelp.com/biz/grom-new-york-3?adjust_creative=piqd968yUGHQDL1ei6gj2w&utm_campaign=yelp_api_v3&utm_medium=api_v3_business_search&utm_source=piqd968yUGHQDL1ei6gj2w,
49,Gansevoort Market,Frozen Treats,https://www.yelp.com/biz/gansevoort-market-new-york-2?adjust_creative=piqd968yUGHQDL1ei6gj2w&utm_campaign=yelp_api_v3&utm_medium=api_v3_business_search&utm_source=piqd968yUGHQDL1ei6gj2w,
50,popbar,Frozen Treats,https://www.yelp.com/biz/popbar-new-york?adjust_creative=piqd968yUGHQDL1ei6gj2w&utm_campaign=yelp_api_v3&utm_medium=api_v3_business_search&utm_source=piqd968yUGHQDL1ei6gj2w,
51,,,https://www.yelp.com/biz/nan-xiang-xiao-long-bao-flushing?adjust_creative=piqd968yUGHQDL1ei6gj2w&utm_campaign=yelp_api_v3&utm_medium=api_v3_business_search&utm_source=piqd968yUGHQDL1ei6gj2w,
52,DONUTS,,https://www.yelp.com/biz/doughnut-plant-new-york-4?adjust_creative=piqd968yUGHQDL1ei6gj2w&utm_campaign=yelp_api_v3&utm_medium=api_v3_business_search&utm_source=piqd968yUGHQDL1ei6gj2w,
53,Doughnut Plant,Donuts,https://www.yelp.com/biz/doughnut-plant-new-york-4?adjust_creative=piqd968yUGHQDL1ei6gj2w&utm_campaign=yelp_api_v3&utm_medium=api_v3_business_search&utm_source=piqd968yUGHQDL1ei6gj2w,
54,Dough,Donuts,https://www.yelp.com/biz/dough-new-york-2?adjust_creative=piqd968yUGHQDL1ei6gj2w&utm_campaign=yelp_api_v3&utm_medium=api_v3_business_search&utm_source=piqd968yUGHQDL1ei6gj2w,
55,Dun Well Doughnuts,Donuts,https://www.yelp.com/biz/dun-well-doughnuts-new-york-3?adjust_creative=piqd968yUGHQDL1ei6gj2w&utm_campaign=yelp_api_v3&utm_medium=api_v3_business_search&utm_source=piqd968yUGHQDL1ei6gj2w,
56,,,https://www.yelp.com/biz/nan-xiang-xiao-long-bao-flushing?adjust_creative=piqd968yUGHQDL1ei6gj2w&utm_campaign=yelp_api_v3&utm_medium=api_v3_business_search&utm_source=piqd968yUGHQDL1ei6gj2w,
57,CAKES/CUPCAKES/PIE,,https://www.yelp.com/biz/two-little-red-hens-new-york-4?adjust_creative=piqd968yUGHQDL1ei6gj2w&utm_campaign=yelp_api_v3&utm_medium=api_v3_business_search&utm_source=piqd968yUGHQDL1ei6gj2w,
58,Lady M Confections,Cakes ,https://www.yelp.com/biz/lady-m-cake-boutique-new-york?adjust_creative=piqd968yUGHQDL1ei6gj2w&utm_campaign=yelp_api_v3&utm_medium=api_v3_business_search&utm_source=piqd968yUGHQDL1ei6gj2w,
59,Molly’s Cupcakes,Cakes ,https://www.yelp.com/biz/mollys-cupcakes-new-york?adjust_creative=piqd968yUGHQDL1ei6gj2w&utm_campaign=yelp_api_v3&utm_medium=api_v3_business_search&utm_source=piqd968yUGHQDL1ei6gj2w,
60,Little Cupcake Bakeshop,Cakes ,https://www.yelp.com/biz/little-cupcake-bakeshop-new-york-2?adjust_creative=piqd968yUGHQDL1ei6gj2w&utm_campaign=yelp_api_v3&utm_medium=api_v3_business_search&utm_source=piqd968yUGHQDL1ei6gj2w,
61,Eileen’s Special Cheesecake,Cakes ,https://www.yelp.com/biz/eileens-special-cheesecake-new-york?adjust_creative=piqd968yUGHQDL1ei6gj2w&utm_campaign=yelp_api_v3&utm_medium=api_v3_business_search&utm_source=piqd968yUGHQDL1ei6gj2w,
62,Two Little Red Hens,Cakes ,https://www.yelp.com/biz/two-little-red-hens-new-york-4?adjust_creative=piqd968yUGHQDL1ei6gj2w&utm_campaign=yelp_api_v3&utm_medium=api_v3_business_search&utm_source=piqd968yUGHQDL1ei6gj2w,
63,Four & Twenty Blackbirds,Cakes ,https://www.yelp.com/biz/four-and-twenty-blackbirds-brooklyn?adjust_creative=piqd968yUGHQDL1ei6gj2w&utm_campaign=yelp_api_v3&utm_medium=api_v3_business_search&utm_source=piqd968yUGHQDL1ei6gj2w,
64,Petee’s Pie Co.,Cakes ,https://www.yelp.com/biz/petees-pie-company-new-york?adjust_creative=piqd968yUGHQDL1ei6gj2w&utm_campaign=yelp_api_v3&utm_medium=api_v3_business_search&utm_source=piqd968yUGHQDL1ei6gj2w,
65,,,https://www.yelp.com/biz/nan-xiang-xiao-long-bao-flushing?adjust_creative=piqd968yUGHQDL1ei6gj2w&utm_campaign=yelp_api_v3&utm_medium=api_v3_business_search&utm_source=piqd968yUGHQDL1ei6gj2w,
66,COFFEE SHOPS,,https://www.yelp.com/biz/coffee-project-new-york-new-york?adjust_creative=piqd968yUGHQDL1ei6gj2w&utm_campaign=yelp_api_v3&utm_medium=api_v3_business_search&utm_source=piqd968yUGHQDL1ei6gj2w,
67,La Colombe Torrefaction,Coffee,https://www.yelp.com/biz/la-colombe-coffee-new-york-2?adjust_creative=piqd968yUGHQDL1ei6gj2w&utm_campaign=yelp_api_v3&utm_medium=api_v3_business_search&utm_source=piqd968yUGHQDL1ei6gj2w,
68,Stumptown Coffee Roasters,Coffee,https://www.yelp.com/biz/stumptown-coffee-roasters-new-york-2?adjust_creative=piqd968yUGHQDL1ei6gj2w&utm_campaign=yelp_api_v3&utm_medium=api_v3_business_search&utm_source=piqd968yUGHQDL1ei6gj2w,
69,Chalait,Coffee,https://www.yelp.com/biz/chalait-new-york-8?adjust_creative=piqd968yUGHQDL1ei6gj2w&utm_campaign=yelp_api_v3&utm_medium=api_v3_business_search&utm_source=piqd968yUGHQDL1ei6gj2w,
70,Bibble & Sip,Coffee,https://www.yelp.com/biz/bibble-and-sip-new-york-2?adjust_creative=piqd968yUGHQDL1ei6gj2w&utm_campaign=yelp_api_v3&utm_medium=api_v3_business_search&utm_source=piqd968yUGHQDL1ei6gj2w,
71,Coffee RX ,Coffee,https://www.yelp.com/biz/coffee-rx-brooklyn?adjust_creative=piqd968yUGHQDL1ei6gj2w&utm_campaign=yelp_api_v3&utm_medium=api_v3_business_search&utm_source=piqd968yUGHQDL1ei6gj2w,
72,,,https://www.yelp.com/biz/nan-xiang-xiao-long-bao-flushing?adjust_creative=piqd968yUGHQDL1ei6gj2w&utm_campaign=yelp_api_v3&utm_medium=api_v3_business_search&utm_source=piqd968yUGHQDL1ei6gj2w,
73,FUSION,,https://www.yelp.com/biz/rabbit-house-new-york?adjust_creative=piqd968yUGHQDL1ei6gj2w&utm_campaign=yelp_api_v3&utm_medium=api_v3_business_search&utm_source=piqd968yUGHQDL1ei6gj2w,
74,Red Farm,Fusion,https://www.yelp.com/biz/redfarm-new-york-2?adjust_creative=piqd968yUGHQDL1ei6gj2w&utm_campaign=yelp_api_v3&utm_medium=api_v3_business_search&utm_source=piqd968yUGHQDL1ei6gj2w,
75,Mooncake Foods,Fusion,https://www.yelp.com/biz/mooncake-foods-new-york?adjust_creative=piqd968yUGHQDL1ei6gj2w&utm_campaign=yelp_api_v3&utm_medium=api_v3_business_search&utm_source=piqd968yUGHQDL1ei6gj2w,
76,Mission Chinese (!!!!!),Fusion,https://www.yelp.com/biz/mission-chinese-new-york?adjust_creative=piqd968yUGHQDL1ei6gj2w&utm_campaign=yelp_api_v3&utm_medium=api_v3_business_search&utm_source=piqd968yUGHQDL1ei6gj2w,
77,Perilla,Fusion,https://www.yelp.com/biz/talde-brooklyn?adjust_creative=piqd968yUGHQDL1ei6gj2w&utm_campaign=yelp_api_v3&utm_medium=api_v3_business_search&utm_source=piqd968yUGHQDL1ei6gj2w,
78,,,https://www.yelp.com/biz/nan-xiang-xiao-long-bao-flushing?adjust_creative=piqd968yUGHQDL1ei6gj2w&utm_campaign=yelp_api_v3&utm_medium=api_v3_business_search&utm_source=piqd968yUGHQDL1ei6gj2w,
79,DUMPLINGS (including soup),,https://www.yelp.com/biz/joes-shanghai-new-york-2?adjust_creative=piqd968yUGHQDL1ei6gj2w&utm_campaign=yelp_api_v3&utm_medium=api_v3_business_search&utm_source=piqd968yUGHQDL1ei6gj2w,
80,Prosperity Dumpling,Dumplings,https://www.yelp.com/biz/top-prosperity-dumpling-brooklyn?adjust_creative=piqd968yUGHQDL1ei6gj2w&utm_campaign=yelp_api_v3&utm_medium=api_v3_business_search&utm_source=piqd968yUGHQDL1ei6gj2w,
81,Tasty Dumpling,Dumplings,https://www.yelp.com/biz/tasty-dumpling-new-york?adjust_creative=piqd968yUGHQDL1ei6gj2w&utm_campaign=yelp_api_v3&utm_medium=api_v3_business_search&utm_source=piqd968yUGHQDL1ei6gj2w,
82,Jin Mei Dumplings,Dumplings,https://www.yelp.com/biz/jin-mei-dumpling-house-%E6%B4%A5%E7%BE%8E%E9%94%85%E8%B4%B4-new-york?adjust_creative=piqd968yUGHQDL1ei6gj2w&utm_campaign=yelp_api_v3&utm_medium=api_v3_business_search&utm_source=piqd968yUGHQDL1ei6gj2w,
83,Fried Dumpling,Dumplings,https://www.yelp.com/biz/fried-dumpling-new-york?adjust_creative=piqd968yUGHQDL1ei6gj2w&utm_campaign=yelp_api_v3&utm_medium=api_v3_business_search&utm_source=piqd968yUGHQDL1ei6gj2w,
84,Vanessa’s,Dumplings,https://www.yelp.com/biz/vanessas-dumpling-new-york?adjust_creative=piqd968yUGHQDL1ei6gj2w&utm_campaign=yelp_api_v3&utm_medium=api_v3_business_search&utm_source=piqd968yUGHQDL1ei6gj2w,
85,Joe’s Shanghai (!!!!!!!),Dumplings,https://www.yelp.com/biz/joes-shanghai-new-york-2?adjust_creative=piqd968yUGHQDL1ei6gj2w&utm_campaign=yelp_api_v3&utm_medium=api_v3_business_search&utm_source=piqd968yUGHQDL1ei6gj2w,
86,Shanghai Cafe Deluxe,Dumplings,https://www.yelp.com/biz/shanghai-cafe-new-york-4?adjust_creative=piqd968yUGHQDL1ei6gj2w&utm_campaign=yelp_api_v3&utm_medium=api_v3_business_search&utm_source=piqd968yUGHQDL1ei6gj2w,
87,,,https://www.yelp.com/biz/nan-xiang-xiao-long-bao-flushing?adjust_creative=piqd968yUGHQDL1ei6gj2w&utm_campaign=yelp_api_v3&utm_medium=api_v3_business_search&utm_source=piqd968yUGHQDL1ei6gj2w,
88,NOODLES,,https://www.yelp.com/biz/88-lan-zhou-handmade-noodles-new-york?adjust_creative=piqd968yUGHQDL1ei6gj2w&utm_campaign=yelp_api_v3&utm_medium=api_v3_business_search&utm_source=piqd968yUGHQDL1ei6gj2w,
89,Tasty Hand-Pulled Noodles,Noodles,https://www.yelp.com/biz/tasty-hand-pulled-noodles-new-york?adjust_creative=piqd968yUGHQDL1ei6gj2w&utm_campaign=yelp_api_v3&utm_medium=api_v3_business_search&utm_source=piqd968yUGHQDL1ei6gj2w,
90,Lam Zhou Handmade Noodle,Noodles,https://www.yelp.com/biz/88-lan-zhou-handmade-noodles-new-york?adjust_creative=piqd968yUGHQDL1ei6gj2w&utm_campaign=yelp_api_v3&utm_medium=api_v3_business_search&utm_source=piqd968yUGHQDL1ei6gj2w,
91,Big Wong (roast duck noodle soup),Noodles,https://www.yelp.com/biz/tasty-hand-pulled-noodles-new-york?adjust_creative=piqd968yUGHQDL1ei6gj2w&utm_campaign=yelp_api_v3&utm_medium=api_v3_business_search&utm_source=piqd968yUGHQDL1ei6gj2w,
92,Pho Grand,Noodles,https://www.yelp.com/biz/pho-grand-new-york-2?adjust_creative=piqd968yUGHQDL1ei6gj2w&utm_campaign=yelp_api_v3&utm_medium=api_v3_business_search&utm_source=piqd968yUGHQDL1ei6gj2w,
93,Pho Bang,Noodles,https://www.yelp.com/biz/pho-bang-elmhurst?adjust_creative=piqd968yUGHQDL1ei6gj2w&utm_campaign=yelp_api_v3&utm_medium=api_v3_business_search&utm_source=piqd968yUGHQDL1ei6gj2w,
94,New Bo Ky Restaurant,Noodles,https://www.yelp.com/biz/bo-ky-restaurant-new-york?adjust_creative=piqd968yUGHQDL1ei6gj2w&utm_campaign=yelp_api_v3&utm_medium=api_v3_business_search&utm_source=piqd968yUGHQDL1ei6gj2w,
95,Great N.Y. Noodletown,Noodles,https://www.yelp.com/biz/great-ny-noodle-town-new-york?adjust_creative=piqd968yUGHQDL1ei6gj2w&utm_campaign=yelp_api_v3&utm_medium=api_v3_business_search&utm_source=piqd968yUGHQDL1ei6gj2w,
96,Ippudo ,Noodles,https://www.yelp.com/biz/ippudo-new-york-10?adjust_creative=piqd968yUGHQDL1ei6gj2w&utm_campaign=yelp_api_v3&utm_medium=api_v3_business_search&utm_source=piqd968yUGHQDL1ei6gj2w,
97,Totto,Noodles,https://www.yelp.com/biz/totto-ramen-new-york-12?adjust_creative=piqd968yUGHQDL1ei6gj2w&utm_campaign=yelp_api_v3&utm_medium=api_v3_business_search&utm_source=piqd968yUGHQDL1ei6gj2w,
98,Mu Ramen,Noodles,https://www.yelp.com/biz/mu-ramen-long-island-city-2?adjust_creative=piqd968yUGHQDL1ei6gj2w&utm_campaign=yelp_api_v3&utm_medium=api_v3_business_search&utm_source=piqd968yUGHQDL1ei6gj2w,
99,Ivan Ramen,Noodles,https://www.yelp.com/biz/ivan-ramen-new-york?adjust_creative=piqd968yUGHQDL1ei6gj2w&utm_campaign=yelp_api_v3&utm_medium=api_v3_business_search&utm_source=piqd968yUGHQDL1ei6gj2w,
100,Momofuku Noodle Bar,Noodles,https://www.yelp.com/biz/momofuku-noodle-bar-new-york?adjust_creative=piqd968yUGHQDL1ei6gj2w&utm_campaign=yelp_api_v3&utm_medium=api_v3_business_search&utm_source=piqd968yUGHQDL1ei6gj2w,
101,Ramen Lab,Noodles,https://www.yelp.com/biz/ramen-lab-new-york-2?adjust_creative=piqd968yUGHQDL1ei6gj2w&utm_campaign=yelp_api_v3&utm_medium=api_v3_business_search&utm_source=piqd968yUGHQDL1ei6gj2w,
102,Noodle Village,Noodles,https://www.yelp.com/biz/noodle-village-new-york?adjust_creative=piqd968yUGHQDL1ei6gj2w&utm_campaign=yelp_api_v3&utm_medium=api_v3_business_search&utm_source=piqd968yUGHQDL1ei6gj2w,
103,Spicy Village (da pan ji),Noodles,https://www.yelp.com/biz/xian-famous-foods-new-york-3?adjust_creative=piqd968yUGHQDL1ei6gj2w&utm_campaign=yelp_api_v3&utm_medium=api_v3_business_search&utm_source=piqd968yUGHQDL1ei6gj2w,
104,Zen 6,Noodles,https://www.yelp.com/biz/zen-6-new-york?adjust_creative=piqd968yUGHQDL1ei6gj2w&utm_campaign=yelp_api_v3&utm_medium=api_v3_business_search&utm_source=piqd968yUGHQDL1ei6gj2w,
105,,,https://www.yelp.com/biz/nan-xiang-xiao-long-bao-flushing?adjust_creative=piqd968yUGHQDL1ei6gj2w&utm_campaign=yelp_api_v3&utm_medium=api_v3_business_search&utm_source=piqd968yUGHQDL1ei6gj2w,
106,PASTA,,https://www.yelp.com/biz/san-marzano-pasta-fresca-new-york?adjust_creative=piqd968yUGHQDL1ei6gj2w&utm_campaign=yelp_api_v3&utm_medium=api_v3_business_search&utm_source=piqd968yUGHQDL1ei6gj2w,
107,Pepe Rosso To-Go,Pasta,https://www.yelp.com/biz/pepe-rosso-to-go-new-york?adjust_creative=piqd968yUGHQDL1ei6gj2w&utm_campaign=yelp_api_v3&utm_medium=api_v3_business_search&utm_source=piqd968yUGHQDL1ei6gj2w,
108,Scarpetta (spaghetti),Pasta,https://www.yelp.com/biz/san-marzano-pasta-fresca-new-york?adjust_creative=piqd968yUGHQDL1ei6gj2w&utm_campaign=yelp_api_v3&utm_medium=api_v3_business_search&utm_source=piqd968yUGHQDL1ei6gj2w,
109,Bar Pitti,Pasta,https://www.yelp.com/biz/bar-pitti-new-york?adjust_creative=piqd968yUGHQDL1ei6gj2w&utm_campaign=yelp_api_v3&utm_medium=api_v3_business_search&utm_source=piqd968yUGHQDL1ei6gj2w,
110,Osteria Morini,Pasta,https://www.yelp.com/biz/osteria-morini-new-york?adjust_creative=piqd968yUGHQDL1ei6gj2w&utm_campaign=yelp_api_v3&utm_medium=api_v3_business_search&utm_source=piqd968yUGHQDL1ei6gj2w,
111,,,https://www.yelp.com/biz/nan-xiang-xiao-long-bao-flushing?adjust_creative=piqd968yUGHQDL1ei6gj2w&utm_campaign=yelp_api_v3&utm_medium=api_v3_business_search&utm_source=piqd968yUGHQDL1ei6gj2w,
112,BREAD,,https://www.yelp.com/biz/bread-new-york-5?adjust_creative=piqd968yUGHQDL1ei6gj2w&utm_campaign=yelp_api_v3&utm_medium=api_v3_business_search&utm_source=piqd968yUGHQDL1ei6gj2w,
113,Balthazar Bakery,Bread,https://www.yelp.com/biz/balthazar-boulangerie-new-york?adjust_creative=piqd968yUGHQDL1ei6gj2w&utm_campaign=yelp_api_v3&utm_medium=api_v3_business_search&utm_source=piqd968yUGHQDL1ei6gj2w,
114,Parisi Bakery,Bread,https://www.yelp.com/biz/parisi-bakery-new-york?adjust_creative=piqd968yUGHQDL1ei6gj2w&utm_campaign=yelp_api_v3&utm_medium=api_v3_business_search&utm_source=piqd968yUGHQDL1ei6gj2w,
115,,,https://www.yelp.com/biz/nan-xiang-xiao-long-bao-flushing?adjust_creative=piqd968yUGHQDL1ei6gj2w&utm_campaign=yelp_api_v3&utm_medium=api_v3_business_search&utm_source=piqd968yUGHQDL1ei6gj2w,
116,SANDWICHES,,https://www.yelp.com/biz/cheeky-sandwiches-new-york?adjust_creative=piqd968yUGHQDL1ei6gj2w&utm_campaign=yelp_api_v3&utm_medium=api_v3_business_search&utm_source=piqd968yUGHQDL1ei6gj2w,
117,Cheeky Sandwiches,Sandwiches,https://www.yelp.com/biz/cheeky-sandwiches-new-york?adjust_creative=piqd968yUGHQDL1ei6gj2w&utm_campaign=yelp_api_v3&utm_medium=api_v3_business_search&utm_source=piqd968yUGHQDL1ei6gj2w,
118,Num Pang Sandwich Shop,Sandwiches,https://www.yelp.com/biz/num-pang-kitchen-new-york-6?adjust_creative=piqd968yUGHQDL1ei6gj2w&utm_campaign=yelp_api_v3&utm_medium=api_v3_business_search&utm_source=piqd968yUGHQDL1ei6gj2w,
119,Xe May Sandwich Shop,Sandwiches,https://www.yelp.com/biz/xe-may-sandwich-shop-new-york?adjust_creative=piqd968yUGHQDL1ei6gj2w&utm_campaign=yelp_api_v3&utm_medium=api_v3_business_search&utm_source=piqd968yUGHQDL1ei6gj2w,
120,Banh Mi Saigon,Sandwiches,https://www.yelp.com/biz/banh-mi-saigon-new-york?adjust_creative=piqd968yUGHQDL1ei6gj2w&utm_campaign=yelp_api_v3&utm_medium=api_v3_business_search&utm_source=piqd968yUGHQDL1ei6gj2w,
121,Saigon Vietnamese Sandwich Deli,Sandwiches,https://www.yelp.com/biz/saigon-vietnamese-sandwich-deli-new-york?adjust_creative=piqd968yUGHQDL1ei6gj2w&utm_campaign=yelp_api_v3&utm_medium=api_v3_business_search&utm_source=piqd968yUGHQDL1ei6gj2w,
122,Patacon Pisao,Sandwiches,https://www.yelp.com/biz/patacon-pisao-new-york-7?adjust_creative=piqd968yUGHQDL1ei6gj2w&utm_campaign=yelp_api_v3&utm_medium=api_v3_business_search&utm_source=piqd968yUGHQDL1ei6gj2w,
123,Parisi Bakery,Sandwiches,https://www.yelp.com/biz/parisi-bakery-new-york?adjust_creative=piqd968yUGHQDL1ei6gj2w&utm_campaign=yelp_api_v3&utm_medium=api_v3_business_search&utm_source=piqd968yUGHQDL1ei6gj2w,
124,Pisillo Italian Bakery,Sandwiches,https://www.yelp.com/biz/pisillo-italian-cafe-new-york-3?adjust_creative=piqd968yUGHQDL1ei6gj2w&utm_campaign=yelp_api_v3&utm_medium=api_v3_business_search&utm_source=piqd968yUGHQDL1ei6gj2w,
125,Croque Monsieur,Sandwiches,https://www.yelp.com/biz/la-maison-du-croque-monsieur-new-york?adjust_creative=piqd968yUGHQDL1ei6gj2w&utm_campaign=yelp_api_v3&utm_medium=api_v3_business_search&utm_source=piqd968yUGHQDL1ei6gj2w,
126,Meltkraft,Sandwiches,https://www.yelp.com/biz/meltkraft-new-york-3?adjust_creative=piqd968yUGHQDL1ei6gj2w&utm_campaign=yelp_api_v3&utm_medium=api_v3_business_search&utm_source=piqd968yUGHQDL1ei6gj2w,
127,Melt Shop,Sandwiches,https://www.yelp.com/biz/melt-shop-new-york-3?adjust_creative=piqd968yUGHQDL1ei6gj2w&utm_campaign=yelp_api_v3&utm_medium=api_v3_business_search&utm_source=piqd968yUGHQDL1ei6gj2w,
128,Gaia Italian Cafe,Sandwiches,https://www.yelp.com/biz/gaia-italian-caf%C3%A9-new-york?adjust_creative=piqd968yUGHQDL1ei6gj2w&utm_campaign=yelp_api_v3&utm_medium=api_v3_business_search&utm_source=piqd968yUGHQDL1ei6gj2w,
129,Fiacco’s Italian Specialties,Sandwiches,https://www.yelp.com/biz/faiccos-italian-specialties-new-york?adjust_creative=piqd968yUGHQDL1ei6gj2w&utm_campaign=yelp_api_v3&utm_medium=api_v3_business_search&utm_source=piqd968yUGHQDL1ei6gj2w,
130,Sunny & Annie’s,Sandwiches,https://www.yelp.com/biz/sunny-and-annies-new-york?adjust_creative=piqd968yUGHQDL1ei6gj2w&utm_campaign=yelp_api_v3&utm_medium=api_v3_business_search&utm_source=piqd968yUGHQDL1ei6gj2w,
131,Taim,Sandwiches,https://www.yelp.com/biz/taim-west-village-new-york?adjust_creative=piqd968yUGHQDL1ei6gj2w&utm_campaign=yelp_api_v3&utm_medium=api_v3_business_search&utm_source=piqd968yUGHQDL1ei6gj2w,
132,,,https://www.yelp.com/biz/nan-xiang-xiao-long-bao-flushing?adjust_creative=piqd968yUGHQDL1ei6gj2w&utm_campaign=yelp_api_v3&utm_medium=api_v3_business_search&utm_source=piqd968yUGHQDL1ei6gj2w,
133,French Pastries,,https://www.yelp.com/biz/aux-merveilleux-de-fred-new-york?adjust_creative=piqd968yUGHQDL1ei6gj2w&utm_campaign=yelp_api_v3&utm_medium=api_v3_business_search&utm_source=piqd968yUGHQDL1ei6gj2w,
134,Macaron Parlour,French Pastries,https://www.yelp.com/biz/macaron-parlour-new-york-3?adjust_creative=piqd968yUGHQDL1ei6gj2w&utm_campaign=yelp_api_v3&utm_medium=api_v3_business_search&utm_source=piqd968yUGHQDL1ei6gj2w,
135,Eclair Bakery,French Pastries,https://www.yelp.com/biz/eclair-bakery-new-york?adjust_creative=piqd968yUGHQDL1ei6gj2w&utm_campaign=yelp_api_v3&utm_medium=api_v3_business_search&utm_source=piqd968yUGHQDL1ei6gj2w,
136,Bouchon Bakery,French Pastries,https://www.yelp.com/biz/bouchon-bakery-new-york-2?adjust_creative=piqd968yUGHQDL1ei6gj2w&utm_campaign=yelp_api_v3&utm_medium=api_v3_business_search&utm_source=piqd968yUGHQDL1ei6gj2w,
137,Laduree Soho,French Pastries,https://www.yelp.com/biz/ladur%C3%A9e-soho-new-york-2?adjust_creative=piqd968yUGHQDL1ei6gj2w&utm_campaign=yelp_api_v3&utm_medium=api_v3_business_search&utm_source=piqd968yUGHQDL1ei6gj2w,
138,Epicurie Boulud,French Pastries,https://www.yelp.com/biz/bar-boulud-new-york-2?adjust_creative=piqd968yUGHQDL1ei6gj2w&utm_campaign=yelp_api_v3&utm_medium=api_v3_business_search&utm_source=piqd968yUGHQDL1ei6gj2w,
139,Mille Feuille,French Pastries,https://www.yelp.com/biz/mille-feuille-bakery-new-york-3?adjust_creative=piqd968yUGHQDL1ei6gj2w&utm_campaign=yelp_api_v3&utm_medium=api_v3_business_search&utm_source=piqd968yUGHQDL1ei6gj2w,
140,,,https://www.yelp.com/biz/nan-xiang-xiao-long-bao-flushing?adjust_creative=piqd968yUGHQDL1ei6gj2w&utm_campaign=yelp_api_v3&utm_medium=api_v3_business_search&utm_source=piqd968yUGHQDL1ei6gj2w,
141,VIENNOISERIES,,https://www.yelp.com/biz/pain-d-%C3%A9pices-new-york-2?adjust_creative=piqd968yUGHQDL1ei6gj2w&utm_campaign=yelp_api_v3&utm_medium=api_v3_business_search&utm_source=piqd968yUGHQDL1ei6gj2w,
142,Arcade Bakery,Viennoiseries,https://www.yelp.com/biz/arcade-bakery-new-york?adjust_creative=piqd968yUGHQDL1ei6gj2w&utm_campaign=yelp_api_v3&utm_medium=api_v3_business_search&utm_source=piqd968yUGHQDL1ei6gj2w,
143,Almondine Bakery,Viennoiseries,https://www.yelp.com/biz/almondine-bakery-brooklyn?adjust_creative=piqd968yUGHQDL1ei6gj2w&utm_campaign=yelp_api_v3&utm_medium=api_v3_business_search&utm_source=piqd968yUGHQDL1ei6gj2w,
144,Francois Payard Patisserie,Viennoiseries,https://www.yelp.com/biz/fp-patisserie-new-york-2?adjust_creative=piqd968yUGHQDL1ei6gj2w&utm_campaign=yelp_api_v3&utm_medium=api_v3_business_search&utm_source=piqd968yUGHQDL1ei6gj2w,
145,Ceci Cela,Viennoiseries,https://www.yelp.com/biz/ceci-cela-new-york-2?adjust_creative=piqd968yUGHQDL1ei6gj2w&utm_campaign=yelp_api_v3&utm_medium=api_v3_business_search&utm_source=piqd968yUGHQDL1ei6gj2w,
146,Dominique Ansel Bakery,Viennoiseries,https://www.yelp.com/biz/dominique-ansel-bakery-new-york?adjust_creative=piqd968yUGHQDL1ei6gj2w&utm_campaign=yelp_api_v3&utm_medium=api_v3_business_search&utm_source=piqd968yUGHQDL1ei6gj2w,
147,,,https://www.yelp.com/biz/nan-xiang-xiao-long-bao-flushing?adjust_creative=piqd968yUGHQDL1ei6gj2w&utm_campaign=yelp_api_v3&utm_medium=api_v3_business_search&utm_source=piqd968yUGHQDL1ei6gj2w,
148,DIM SUM,,https://www.yelp.com/biz/dim-sum-palace-new-york-8?adjust_creative=piqd968yUGHQDL1ei6gj2w&utm_campaign=yelp_api_v3&utm_medium=api_v3_business_search&utm_source=piqd968yUGHQDL1ei6gj2w,
149,Jing Fong,Dim Sum,https://www.yelp.com/biz/jing-fong-new-york-6?adjust_creative=piqd968yUGHQDL1ei6gj2w&utm_campaign=yelp_api_v3&utm_medium=api_v3_business_search&utm_source=piqd968yUGHQDL1ei6gj2w,
150,Golden Unicorn,Dim Sum,https://www.yelp.com/biz/golden-unicorn-new-york?adjust_creative=piqd968yUGHQDL1ei6gj2w&utm_campaign=yelp_api_v3&utm_medium=api_v3_business_search&utm_source=piqd968yUGHQDL1ei6gj2w,
151,Nom Wah Tea Parlor,Dim Sum,https://www.yelp.com/biz/nom-wah-tea-parlor-new-york?adjust_creative=piqd968yUGHQDL1ei6gj2w&utm_campaign=yelp_api_v3&utm_medium=api_v3_business_search&utm_source=piqd968yUGHQDL1ei6gj2w,
152,,,https://www.yelp.com/biz/nan-xiang-xiao-long-bao-flushing?adjust_creative=piqd968yUGHQDL1ei6gj2w&utm_campaign=yelp_api_v3&utm_medium=api_v3_business_search&utm_source=piqd968yUGHQDL1ei6gj2w,
153,CHINESE BAKED GOODS,,https://www.yelp.com/biz/fay-da-bakery-new-york-10?adjust_creative=piqd968yUGHQDL1ei6gj2w&utm_campaign=yelp_api_v3&utm_medium=api_v3_business_search&utm_source=piqd968yUGHQDL1ei6gj2w,
154,Tai Pan,Chinese Baked Goods,https://www.yelp.com/biz/tai-pan-bakery-new-york?adjust_creative=piqd968yUGHQDL1ei6gj2w&utm_campaign=yelp_api_v3&utm_medium=api_v3_business_search&utm_source=piqd968yUGHQDL1ei6gj2w,
155,Fay Da,Chinese Baked Goods,https://www.yelp.com/biz/fay-da-bakery-new-york-10?adjust_creative=piqd968yUGHQDL1ei6gj2w&utm_campaign=yelp_api_v3&utm_medium=api_v3_business_search&utm_source=piqd968yUGHQDL1ei6gj2w,
156,Lung Moon,Chinese Baked Goods,https://www.yelp.com/biz/lung-moon-bakery-new-york?adjust_creative=piqd968yUGHQDL1ei6gj2w&utm_campaign=yelp_api_v3&utm_medium=api_v3_business_search&utm_source=piqd968yUGHQDL1ei6gj2w,
157,Manna House,Chinese Baked Goods,https://www.yelp.com/biz/manna-house-bakery-new-york?adjust_creative=piqd968yUGHQDL1ei6gj2w&utm_campaign=yelp_api_v3&utm_medium=api_v3_business_search&utm_source=piqd968yUGHQDL1ei6gj2w,
158,Golden Steamer,Chinese Baked Goods,https://www.yelp.com/biz/golden-steamer-new-york?adjust_creative=piqd968yUGHQDL1ei6gj2w&utm_campaign=yelp_api_v3&utm_medium=api_v3_business_search&utm_source=piqd968yUGHQDL1ei6gj2w,
159,Mei Li Wah,Chinese Baked Goods,https://www.yelp.com/biz/mei-li-wah-bakery-new-york?adjust_creative=piqd968yUGHQDL1ei6gj2w&utm_campaign=yelp_api_v3&utm_medium=api_v3_business_search&utm_source=piqd968yUGHQDL1ei6gj2w,
160,,,https://www.yelp.com/biz/nan-xiang-xiao-long-bao-flushing?adjust_creative=piqd968yUGHQDL1ei6gj2w&utm_campaign=yelp_api_v3&utm_medium=api_v3_business_search&utm_source=piqd968yUGHQDL1ei6gj2w,
161,THAI,,https://www.yelp.com/biz/klom-klorm-brooklyn?adjust_creative=piqd968yUGHQDL1ei6gj2w&utm_campaign=yelp_api_v3&utm_medium=api_v3_business_search&utm_source=piqd968yUGHQDL1ei6gj2w,
162,East Village Thai,Thai,https://www.yelp.com/biz/east-village-thai-new-york?adjust_creative=piqd968yUGHQDL1ei6gj2w&utm_campaign=yelp_api_v3&utm_medium=api_v3_business_search&utm_source=piqd968yUGHQDL1ei6gj2w,
163,Kiin Thai,Thai,https://www.yelp.com/biz/kiin-thai-eatery-new-york-2?adjust_creative=piqd968yUGHQDL1ei6gj2w&utm_campaign=yelp_api_v3&utm_medium=api_v3_business_search&utm_source=piqd968yUGHQDL1ei6gj2w,
164,Somtum Der,Thai,https://www.yelp.com/biz/somtum-der-new-york?adjust_creative=piqd968yUGHQDL1ei6gj2w&utm_campaign=yelp_api_v3&utm_medium=api_v3_business_search&utm_source=piqd968yUGHQDL1ei6gj2w,
165,Kin Shop,Thai,https://www.yelp.com/biz/somtum-der-new-york?adjust_creative=piqd968yUGHQDL1ei6gj2w&utm_campaign=yelp_api_v3&utm_medium=api_v3_business_search&utm_source=piqd968yUGHQDL1ei6gj2w,
166,Thai Market,Thai,https://www.yelp.com/biz/thai-market-new-york?adjust_creative=piqd968yUGHQDL1ei6gj2w&utm_campaign=yelp_api_v3&utm_medium=api_v3_business_search&utm_source=piqd968yUGHQDL1ei6gj2w,
167,Pinto Thai,Thai,https://www.yelp.com/biz/pinto-garden-new-york-3?adjust_creative=piqd968yUGHQDL1ei6gj2w&utm_campaign=yelp_api_v3&utm_medium=api_v3_business_search&utm_source=piqd968yUGHQDL1ei6gj2w,
168,Klong Thai,Thai,https://www.yelp.com/biz/klong-new-york?adjust_creative=piqd968yUGHQDL1ei6gj2w&utm_campaign=yelp_api_v3&utm_medium=api_v3_business_search&utm_source=piqd968yUGHQDL1ei6gj2w,
169,The Lantern,Thai,https://www.yelp.com/biz/lantern-thai-new-york-2?adjust_creative=piqd968yUGHQDL1ei6gj2w&utm_campaign=yelp_api_v3&utm_medium=api_v3_business_search&utm_source=piqd968yUGHQDL1ei6gj2w,
170,,,https://www.yelp.com/biz/nan-xiang-xiao-long-bao-flushing?adjust_creative=piqd968yUGHQDL1ei6gj2w&utm_campaign=yelp_api_v3&utm_medium=api_v3_business_search&utm_source=piqd968yUGHQDL1ei6gj2w,
171,Sweet Treats,,https://www.yelp.com/biz/sweet-treats-pastry-shoppe-oakland-gardens?adjust_creative=piqd968yUGHQDL1ei6gj2w&utm_campaign=yelp_api_v3&utm_medium=api_v3_business_search&utm_source=piqd968yUGHQDL1ei6gj2w,
172,Pommes Frites,Sweet Treats,https://www.yelp.com/biz/pommes-frites-new-york-2?adjust_creative=piqd968yUGHQDL1ei6gj2w&utm_campaign=yelp_api_v3&utm_medium=api_v3_business_search&utm_source=piqd968yUGHQDL1ei6gj2w,
173,Baked Tribeca,Sweet Treats,https://www.yelp.com/biz/baked-new-york?adjust_creative=piqd968yUGHQDL1ei6gj2w&utm_campaign=yelp_api_v3&utm_medium=api_v3_business_search&utm_source=piqd968yUGHQDL1ei6gj2w,
174,Chickalicious,Sweet Treats,https://www.yelp.com/biz/chikalicious-dessert-bar-new-york-3?adjust_creative=piqd968yUGHQDL1ei6gj2w&utm_campaign=yelp_api_v3&utm_medium=api_v3_business_search&utm_source=piqd968yUGHQDL1ei6gj2w,
175,Spot Dessert Bar,Sweet Treats,https://www.yelp.com/biz/spot-dessert-bar-new-york-2?adjust_creative=piqd968yUGHQDL1ei6gj2w&utm_campaign=yelp_api_v3&utm_medium=api_v3_business_search&utm_source=piqd968yUGHQDL1ei6gj2w,
176,Chobani Soho,Sweet Treats,https://www.yelp.com/biz/chobani-soho-new-york?adjust_creative=piqd968yUGHQDL1ei6gj2w&utm_campaign=yelp_api_v3&utm_medium=api_v3_business_search&utm_source=piqd968yUGHQDL1ei6gj2w,
177,,,https://www.yelp.com/biz/nan-xiang-xiao-long-bao-flushing?adjust_creative=piqd968yUGHQDL1ei6gj2w&utm_campaign=yelp_api_v3&utm_medium=api_v3_business_search&utm_source=piqd968yUGHQDL1ei6gj2w,
178,INDIAN,,https://www.yelp.com/biz/the-masalawala-new-york-2?adjust_creative=piqd968yUGHQDL1ei6gj2w&utm_campaign=yelp_api_v3&utm_medium=api_v3_business_search&utm_source=piqd968yUGHQDL1ei6gj2w,
179,NYC Dosa,Indian,https://www.yelp.com/biz/ny-dosas-new-york?adjust_creative=piqd968yUGHQDL1ei6gj2w&utm_campaign=yelp_api_v3&utm_medium=api_v3_business_search&utm_source=piqd968yUGHQDL1ei6gj2w,
180,Doaba Deli,Indian,https://www.yelp.com/biz/doaba-deli-new-york-2?adjust_creative=piqd968yUGHQDL1ei6gj2w&utm_campaign=yelp_api_v3&utm_medium=api_v3_business_search&utm_source=piqd968yUGHQDL1ei6gj2w,
181,Indikitch,Indian,https://www.yelp.com/biz/indikitch-new-york-2?adjust_creative=piqd968yUGHQDL1ei6gj2w&utm_campaign=yelp_api_v3&utm_medium=api_v3_business_search&utm_source=piqd968yUGHQDL1ei6gj2w,
182,Milon Bangladesh,Indian,https://www.yelp.com/biz/milon-new-york?adjust_creative=piqd968yUGHQDL1ei6gj2w&utm_campaign=yelp_api_v3&utm_medium=api_v3_business_search&utm_source=piqd968yUGHQDL1ei6gj2w,
183,,,https://www.yelp.com/biz/nan-xiang-xiao-long-bao-flushing?adjust_creative=piqd968yUGHQDL1ei6gj2w&utm_campaign=yelp_api_v3&utm_medium=api_v3_business_search&utm_source=piqd968yUGHQDL1ei6gj2w,
184,BAGELS,,https://www.yelp.com/biz/best-bagel-and-coffee-new-york?adjust_creative=piqd968yUGHQDL1ei6gj2w&utm_campaign=yelp_api_v3&utm_medium=api_v3_business_search&utm_source=piqd968yUGHQDL1ei6gj2w,
185,Ess-A-Bagel,Bagels,https://www.yelp.com/biz/ess-a-bagel-new-york?adjust_creative=piqd968yUGHQDL1ei6gj2w&utm_campaign=yelp_api_v3&utm_medium=api_v3_business_search&utm_source=piqd968yUGHQDL1ei6gj2w,
186,Murray’s Bagels,Bagels,https://www.yelp.com/biz/murrays-bagels-new-york?adjust_creative=piqd968yUGHQDL1ei6gj2w&utm_campaign=yelp_api_v3&utm_medium=api_v3_business_search&utm_source=piqd968yUGHQDL1ei6gj2w,
187,Best Bagel & Coffee,Bagels,https://www.yelp.com/biz/best-bagel-and-coffee-new-york?adjust_creative=piqd968yUGHQDL1ei6gj2w&utm_campaign=yelp_api_v3&utm_medium=api_v3_business_search&utm_source=piqd968yUGHQDL1ei6gj2w,
188,Space Market NYU,Bagels,https://www.yelp.com/biz/eataly-new-york?adjust_creative=piqd968yUGHQDL1ei6gj2w&utm_campaign=yelp_api_v3&utm_medium=api_v3_business_search&utm_source=piqd968yUGHQDL1ei6gj2w,
189,Tompkins Square Bagels,Bagels,https://www.yelp.com/biz/tompkins-square-bagels-avenue-a-new-york?adjust_creative=piqd968yUGHQDL1ei6gj2w&utm_campaign=yelp_api_v3&utm_medium=api_v3_business_search&utm_source=piqd968yUGHQDL1ei6gj2w,
190,Brooklyn Bagel & Coffee,Bagels,https://www.yelp.com/biz/brooklyn-bagel-and-coffee-company-new-york-2?adjust_creative=piqd968yUGHQDL1ei6gj2w&utm_campaign=yelp_api_v3&utm_medium=api_v3_business_search&utm_source=piqd968yUGHQDL1ei6gj2w,
191,Absolute Bagels,Bagels,https://www.yelp.com/biz/absolute-bagels-new-york?adjust_creative=piqd968yUGHQDL1ei6gj2w&utm_campaign=yelp_api_v3&utm_medium=api_v3_business_search&utm_source=piqd968yUGHQDL1ei6gj2w,
192,Baz Bagel,Bagels,https://www.yelp.com/biz/baz-bagel-and-restaurant-new-york-2?adjust_creative=piqd968yUGHQDL1ei6gj2w&utm_campaign=yelp_api_v3&utm_medium=api_v3_business_search&utm_source=piqd968yUGHQDL1ei6gj2w,
193,H&H Bagel,Bagels,https://www.yelp.com/biz/h-and-h-midtown-bagels-east-new-york?adjust_creative=piqd968yUGHQDL1ei6gj2w&utm_campaign=yelp_api_v3&utm_medium=api_v3_business_search&utm_source=piqd968yUGHQDL1ei6gj2w,
194,Russ & Daughters,Bagels,https://www.yelp.com/biz/russ-and-daughters-new-york?adjust_creative=piqd968yUGHQDL1ei6gj2w&utm_campaign=yelp_api_v3&utm_medium=api_v3_business_search&utm_source=piqd968yUGHQDL1ei6gj2w,
195,Tal Bagels,Bagels,https://www.yelp.com/biz/tal-bagels-new-york-7?adjust_creative=piqd968yUGHQDL1ei6gj2w&utm_campaign=yelp_api_v3&utm_medium=api_v3_business_search&utm_source=piqd968yUGHQDL1ei6gj2w,
196,Sadelle’s,Bagels,https://www.yelp.com/biz/sadelles-new-york?adjust_creative=piqd968yUGHQDL1ei6gj2w&utm_campaign=yelp_api_v3&utm_medium=api_v3_business_search&utm_source=piqd968yUGHQDL1ei6gj2w,
197,,,https://www.yelp.com/biz/nan-xiang-xiao-long-bao-flushing?adjust_creative=piqd968yUGHQDL1ei6gj2w&utm_campaign=yelp_api_v3&utm_medium=api_v3_business_search&utm_source=piqd968yUGHQDL1ei6gj2w,
198,COOKIES,,https://www.yelp.com/biz/levain-bakery-new-york?adjust_creative=piqd968yUGHQDL1ei6gj2w&utm_campaign=yelp_api_v3&utm_medium=api_v3_business_search&utm_source=piqd968yUGHQDL1ei6gj2w,
199,Levain Bakery,Cookies,https://www.yelp.com/biz/levain-bakery-new-york?adjust_creative=piqd968yUGHQDL1ei6gj2w&utm_campaign=yelp_api_v3&utm_medium=api_v3_business_search&utm_source=piqd968yUGHQDL1ei6gj2w,
200,Culture Espresso,Cookies,https://www.yelp.com/biz/culture-espresso-new-york?adjust_creative=piqd968yUGHQDL1ei6gj2w&utm_campaign=yelp_api_v3&utm_medium=api_v3_business_search&utm_source=piqd968yUGHQDL1ei6gj2w,
201,Jacques Torres,Cookies,https://www.yelp.com/biz/jacques-torres-new-york?adjust_creative=piqd968yUGHQDL1ei6gj2w&utm_campaign=yelp_api_v3&utm_medium=api_v3_business_search&utm_source=piqd968yUGHQDL1ei6gj2w,
202,,,https://www.yelp.com/biz/nan-xiang-xiao-long-bao-flushing?adjust_creative=piqd968yUGHQDL1ei6gj2w&utm_campaign=yelp_api_v3&utm_medium=api_v3_business_search&utm_source=piqd968yUGHQDL1ei6gj2w,
203,SUSHI,,https://www.yelp.com/biz/sushi-yasaka-new-york?adjust_creative=piqd968yUGHQDL1ei6gj2w&utm_campaign=yelp_api_v3&utm_medium=api_v3_business_search&utm_source=piqd968yUGHQDL1ei6gj2w,
204,Momoya,Sushi,https://www.yelp.com/biz/momoya-new-york?adjust_creative=piqd968yUGHQDL1ei6gj2w&utm_campaign=yelp_api_v3&utm_medium=api_v3_business_search&utm_source=piqd968yUGHQDL1ei6gj2w,
205,Sakagura,Sushi,https://www.yelp.com/biz/sakagura-new-york?adjust_creative=piqd968yUGHQDL1ei6gj2w&utm_campaign=yelp_api_v3&utm_medium=api_v3_business_search&utm_source=piqd968yUGHQDL1ei6gj2w,
206,Sushi of Gari,Sushi,https://www.yelp.com/biz/sushi-of-gari-new-york?adjust_creative=piqd968yUGHQDL1ei6gj2w&utm_campaign=yelp_api_v3&utm_medium=api_v3_business_search&utm_source=piqd968yUGHQDL1ei6gj2w,
207,Koi,Sushi,https://www.yelp.com/biz/koi-restaurant-new-york-2?adjust_creative=piqd968yUGHQDL1ei6gj2w&utm_campaign=yelp_api_v3&utm_medium=api_v3_business_search&utm_source=piqd968yUGHQDL1ei6gj2w,
208,Masakari (Sheepshead Bay),Sushi,https://www.yelp.com/biz/mitoushi-japanese-restaurant-brooklyn-2?adjust_creative=piqd968yUGHQDL1ei6gj2w&utm_campaign=yelp_api_v3&utm_medium=api_v3_business_search&utm_source=piqd968yUGHQDL1ei6gj2w,
209,,,https://www.yelp.com/biz/nan-xiang-xiao-long-bao-flushing?adjust_creative=piqd968yUGHQDL1ei6gj2w&utm_campaign=yelp_api_v3&utm_medium=api_v3_business_search&utm_source=piqd968yUGHQDL1ei6gj2w,
210,BOBA,,https://www.yelp.com/biz/boba-guys-new-york?adjust_creative=piqd968yUGHQDL1ei6gj2w&utm_campaign=yelp_api_v3&utm_medium=api_v3_business_search&utm_source=piqd968yUGHQDL1ei6gj2w,
211,Vivi’s Bubble Tea,Boba,https://www.yelp.com/biz/vivi-bubble-tea-new-york-6?adjust_creative=piqd968yUGHQDL1ei6gj2w&utm_campaign=yelp_api_v3&utm_medium=api_v3_business_search&utm_source=piqd968yUGHQDL1ei6gj2w,
212,Kung Fu Bubble Tea,Boba,https://www.yelp.com/biz/kung-fu-tea-bayside?adjust_creative=piqd968yUGHQDL1ei6gj2w&utm_campaign=yelp_api_v3&utm_medium=api_v3_business_search&utm_source=piqd968yUGHQDL1ei6gj2w,
213,ChaTime,Boba,https://www.yelp.com/biz/chatime-new-york-5?adjust_creative=piqd968yUGHQDL1ei6gj2w&utm_campaign=yelp_api_v3&utm_medium=api_v3_business_search&utm_source=piqd968yUGHQDL1ei6gj2w,
214,Ya Ya Tea Garden,Boba,https://www.yelp.com/biz/yaya-tea-garden-new-york-3?adjust_creative=piqd968yUGHQDL1ei6gj2w&utm_campaign=yelp_api_v3&utm_medium=api_v3_business_search&utm_source=piqd968yUGHQDL1ei6gj2w,
215,Teado Tea Shop,Boba,https://www.yelp.com/biz/teado-tea-shop-new-york-6?adjust_creative=piqd968yUGHQDL1ei6gj2w&utm_campaign=yelp_api_v3&utm_medium=api_v3_business_search&utm_source=piqd968yUGHQDL1ei6gj2w,
216,Tea Ren’s Tea Time,Boba,https://www.yelp.com/biz/cha-an-new-york?adjust_creative=piqd968yUGHQDL1ei6gj2w&utm_campaign=yelp_api_v3&utm_medium=api_v3_business_search&utm_source=piqd968yUGHQDL1ei6gj2w,
217,Bubbly Tea,Boba,https://www.yelp.com/biz/bubbly-tea-new-york?adjust_creative=piqd968yUGHQDL1ei6gj2w&utm_campaign=yelp_api_v3&utm_medium=api_v3_business_search&utm_source=piqd968yUGHQDL1ei6gj2w,
218,Cha Chan Tang,Boba,https://www.yelp.com/biz/cha-chan-tang-new-york?adjust_creative=piqd968yUGHQDL1ei6gj2w&utm_campaign=yelp_api_v3&utm_medium=api_v3_business_search&utm_source=piqd968yUGHQDL1ei6gj2w,
219,Pa Tea,Boba,https://www.yelp.com/biz/patea-new-york-2?adjust_creative=piqd968yUGHQDL1ei6gj2w&utm_campaign=yelp_api_v3&utm_medium=api_v3_business_search&utm_source=piqd968yUGHQDL1ei6gj2w,
220,,,https://www.yelp.com/biz/nan-xiang-xiao-long-bao-flushing?adjust_creative=piqd968yUGHQDL1ei6gj2w&utm_campaign=yelp_api_v3&utm_medium=api_v3_business_search&utm_source=piqd968yUGHQDL1ei6gj2w,
221,,,https://www.yelp.com/biz/nan-xiang-xiao-long-bao-flushing?adjust_creative=piqd968yUGHQDL1ei6gj2w&utm_campaign=yelp_api_v3&utm_medium=api_v3_business_search&utm_source=piqd968yUGHQDL1ei6gj2w,
222,~~~ Sectionless ~~~ ℅ S.K.,,nan,
223,1. Pies ‘n’ Thighs,Sectionless,https://www.yelp.com/biz/pies-n-thighs-brooklyn?adjust_creative=piqd968yUGHQDL1ei6gj2w&utm_campaign=yelp_api_v3&utm_medium=api_v3_business_search&utm_source=piqd968yUGHQDL1ei6gj2w,
224,2. S’mac,Sectionless,https://www.yelp.com/biz/smac-new-york?adjust_creative=piqd968yUGHQDL1ei6gj2w&utm_campaign=yelp_api_v3&utm_medium=api_v3_business_search&utm_source=piqd968yUGHQDL1ei6gj2w,
225,3. Potatopia,Sectionless,https://www.yelp.com/biz/potatopia-staten-island-2?adjust_creative=piqd968yUGHQDL1ei6gj2w&utm_campaign=yelp_api_v3&utm_medium=api_v3_business_search&utm_source=piqd968yUGHQDL1ei6gj2w,
226,4. Kobeyaki,Sectionless,https://www.yelp.com/biz/kobeyaki-new-york-2?adjust_creative=piqd968yUGHQDL1ei6gj2w&utm_campaign=yelp_api_v3&utm_medium=api_v3_business_search&utm_source=piqd968yUGHQDL1ei6gj2w,
227,5. East Japanese Market - sushi on a conveyor belt!! :o,Sectionless,nan,
228,6. Minca,Sectionless,https://www.yelp.com/biz/minca-new-york?adjust_creative=piqd968yUGHQDL1ei6gj2w&utm_campaign=yelp_api_v3&utm_medium=api_v3_business_search&utm_source=piqd968yUGHQDL1ei6gj2w,
229,7. Nippori,Sectionless,https://www.yelp.com/biz/kahve-new-york?adjust_creative=piqd968yUGHQDL1ei6gj2w&utm_campaign=yelp_api_v3&utm_medium=api_v3_business_search&utm_source=piqd968yUGHQDL1ei6gj2w,
230,"8. Milk and Honey - New Kirk, Brooklyn",Sectionless,https://www.yelp.com/biz/eleven-madison-park-new-york?adjust_creative=piqd968yUGHQDL1ei6gj2w&utm_campaign=yelp_api_v3&utm_medium=api_v3_business_search&utm_source=piqd968yUGHQDL1ei6gj2w,
231,9. Hong Kong station - create your own noodles!,Sectionless,https://www.yelp.com/biz/ippudo-new-york-10?adjust_creative=piqd968yUGHQDL1ei6gj2w&utm_campaign=yelp_api_v3&utm_medium=api_v3_business_search&utm_source=piqd968yUGHQDL1ei6gj2w,
232,10. Anything in eataly!!!,Sectionless,https://www.yelp.com/biz/gramercy-tavern-new-york?adjust_creative=piqd968yUGHQDL1ei6gj2w&utm_campaign=yelp_api_v3&utm_medium=api_v3_business_search&utm_source=piqd968yUGHQDL1ei6gj2w,
233,11. Two Hands - acai bowl is amazing,Sectionless,https://www.yelp.com/biz/abc-kitchen-new-york?adjust_creative=piqd968yUGHQDL1ei6gj2w&utm_campaign=yelp_api_v3&utm_medium=api_v3_business_search&utm_source=piqd968yUGHQDL1ei6gj2w,
234,12. Little Choc Apothecary,Sectionless,https://www.yelp.com/biz/parm-new-york?adjust_creative=piqd968yUGHQDL1ei6gj2w&utm_campaign=yelp_api_v3&utm_medium=api_v3_business_search&utm_source=piqd968yUGHQDL1ei6gj2w,
235,13. Cotton Candy Machine - Williamsburg,Sectionless,https://www.yelp.com/biz/traif-brooklyn?adjust_creative=piqd968yUGHQDL1ei6gj2w&utm_campaign=yelp_api_v3&utm_medium=api_v3_business_search&utm_source=piqd968yUGHQDL1ei6gj2w,
236,14. ROLL N ROASTER!! - amazing roast beef in sheepshead bay,Sectionless,nan,
237,22. Play J ice cream truck - usually around St. Marks,Sectionless,nan,
238,23. Hirokos Place,Sectionless,https://www.yelp.com/biz/sakaya-new-york?adjust_creative=piqd968yUGHQDL1ei6gj2w&utm_campaign=yelp_api_v3&utm_medium=api_v3_business_search&utm_source=piqd968yUGHQDL1ei6gj2w,
239,24. Mac Bar - not as good as S’mac but still good.,Sectionless,nan,
